route_id,route_name,closed,index,latitude,longitude,east_m,north_m,distance_m,path_yaw_rad
"route-1789491210982","1_left_경사로",false,0,37.2890204028,127.1073629335,11.468512,32.118808,0.000000,2.7981578756
"route-1789491210982","1_left_경사로",false,1,37.2890218762,127.1073577766,11.011232,32.282334,0.485639,2.7981578756
"route-1789491210982","1_left_경사로",false,2,37.2890233497,127.1073526197,10.553952,32.445860,0.971279,2.7981578756
"route-1789491210982","1_left_경사로",false,3,37.2890248231,127.1073474629,10.096672,32.609386,1.456918,2.7981578756
"route-1789491210982","1_left_경사로",false,4,37.2890262965,127.1073423060,9.639392,32.772912,1.942558,2.7981578756
"route-1789491210982","1_left_경사로",false,5,37.2890277700,127.1073371491,9.182113,32.936438,2.428197,2.7981578756
"route-1789491210982","1_left_경사로",false,6,37.2890292434,127.1073319923,8.724833,33.099964,2.913836,2.7981578756
"route-1789491210982","1_left_경사로",false,7,37.2890307168,127.1073268354,8.267553,33.263490,3.399476,2.7981578756
"route-1789491210982","1_left_경사로",false,8,37.2890321903,127.1073216785,7.810273,33.427016,3.885115,2.7981578756
"route-1789491210982","1_left_경사로",false,9,37.2890336637,127.1073165217,7.352993,33.590542,4.370754,2.7981578756
"route-1789491210982","1_left_경사로",false,10,37.2890351371,127.1073113648,6.895713,33.754068,4.856394,2.7981578756
"route-1789491210982","1_left_경사로",false,11,37.2890366106,127.1073062079,6.438434,33.917594,5.342033,2.7981578756
"route-1789491210982","1_left_경사로",false,12,37.2890380840,127.1073010511,5.981154,34.081121,5.827673,2.7981578756
"route-1789491210982","1_left_경사로",false,13,37.2890395574,127.1072958942,5.523874,34.244647,6.313312,2.7981578756
"route-1789491210982","1_left_경사로",false,14,37.2890410308,127.1072907373,5.066594,34.408173,6.798951,2.7981578756
"route-1789491210982","1_left_경사로",false,15,37.2890425043,127.1072855805,4.609314,34.571699,7.284591,2.7981578756
"route-1789491210982","1_left_경사로",false,16,37.2890439777,127.1072804236,4.152035,34.735225,7.770230,2.7981578756
"route-1789491210982","1_left_경사로",false,17,37.2890454511,127.1072752667,3.694755,34.898751,8.255869,2.7981578756
"route-1789491210982","1_left_경사로",false,18,37.2890469246,127.1072701099,3.237475,35.062277,8.741509,2.7981578756
"route-1789491210982","1_left_경사로",false,19,37.2890483980,127.1072649530,2.780195,35.225803,9.227148,2.7981578756
"route-1789491210982","1_left_경사로",false,20,37.2890498714,127.1072597961,2.322915,35.389329,9.712788,2.7981578756
"route-1789491210982","1_left_경사로",false,21,37.2890513449,127.1072546393,1.865636,35.552855,10.198427,2.7981578756
